SKU;Nombre
MH1001;ACELERADOR 2%
PR106;ADHEPLAST
IQ1001;AEROSIL
MD0105;AGENTE DE DESPEGUE
IQ1002;ANTITACKING
CAJONERA FUTURE;CAJA FUTURE X3 (blanco)
CAJONERA LONGBOARD;CAJONERA LONGBOARD
MQ0200;CATALIZADOR MEK
SC0300;CAT. EPOXI
PR50100;CERA DESMOLDANTE
MD0301;CERA MIRROW
MD0106;DILUYENTE DE LIMPIEZA
DILUYENTE DEMEF;DILUYENTE DEMEF
PR45100;FIBRA 450
PR30100;FIBRA 300
FCS 1 FUSION;FUSION PLUGS COMPATIBLE FCS X1
FP-1001-X3;FUSION PLUGS FCS X3 UNIDADES
GC1021;GEL COAT NARANJA MATRICERO
GEL-1005;GELCOAT ROJO
GC-1033;"GEL COAT VERDE ""INGLES"""
GC1022;GEL COAT VERDE AGUA 
GC1040;GELCOAT AMARILLO
GC1002;GELCOAT AZUL
GC1020;GELCOAT BLANCO
GC1030;GELCOAT CELESTE
GC1010;GELCOAT NEGRO
GC1005;GELCOAT TRANSPARENTE
MR10;MANGO DE RODILLO 10'
MR17;MANGO DE RODILLO 17'
MD0102;MICRO ESFERA
PR859;MONOMERO
PXB;PEROXIDO DE BENZOILO
PG-50GR-1;PIGMENTOS PASTA X 50 GRS.
P1001;PINCEL 20
P-12;CAJA PINCEL 20' x 12
P-103;PLUG DE PITA (pitero)
IQ1003;PREGEL
QF-333;QUILLAS FCS X3 M3
QF-555;QUILLAS FCS X3 M5
QUILLA-033;QUILLA FUTURE X 3 M3
QUILLA-055;QUILLA FUTURE X 3 M5
RR10;REPUESTO DE RODILLO 10'
RR17;REPUESTO DE RODILLO 17'
RE-1001;RESINA EPOXI
R-11;RESINA NAUTICA
R-29;RESINA PRE ACELERADA R29
SDLIQ;SOLVENTE DE LIMPIEZA
6.5´H;"FOAM 6'5"" HUEVO"
1001-6´0;"FOAM 6'0"
1001-6´10;"FOAM 6'10"
1001-6´3;"FOAM 6'3"
7.10´;"FOAM 7'1"
1001-7´4;"FOAM 7'4"
9.4´;FOAM 9.4'
1001-9´8;"FOAM 9'8"
TALCO;TALCO INDUSTRIAL
TP-1001;TAPONES FREE LIFE x6
T22;TELA 220
TN4;TELA 4 OZ. NACIONAL
TI6;TELA 6 OZ. IMPORTADA
TN6;TELA 6 OZ. NACIONAL
1001-30C;ROVING 600gr 30 CABOS
UV;UV
MD0200;VELO
